MatchID,Season,MatchWeek,Date,Time,HomeTeam,AwayTeam,FullTimeHomeTeamGoals,FullTimeAwayTeamGoals,FullTimeResult,HalfTimeHomeTeamGoals,HalfTimeAwayTeamGoals,HalfTimeResult,Referee,HomeTeamShots,AwayTeamShots,HomeTeamShotsOnTarget,AwayTeamShotsOnTarget,HomeTeamCorners,AwayTeamCorners,HomeTeamFouls,AwayTeamFouls,HomeTeamYellowCards,AwayTeamYellowCards,HomeTeamRedCards,AwayTeamRedCards,B365HomeTeam,B365Draw,B365AwayTeam,B365Over2.5Goals,B365Under2.5Goals,MarketMaxHomeTeam,MarketMaxDraw,MarketMaxAwayTeam,MarketAvgHomeTeam,MarketAvgDraw,MarketAvgAwayTeam,MarketMaxOver2.5Goals,MarketMaxUnder2.5Goals,MarketAvgOver2.5Goals,MarketAvgUnder2.5Goals,HomeTeamPoints,AwayTeamPoints
2019-2020_Everton_Arsenal,2019-2020,18,2019-12-21,12:30,Everton,Arsenal,0,0,D,0.0,0.0,D,K Friend,9.0,6.0,0.0,2.0,5.0,4.0,10.0,11.0,2.0,3.0,0.0,0.0,2.3,3.8,2.87,1.57,2.37,2.4,3.88,3.0,2.33,3.75,2.9,1.61,2.55,1.57,2.4,1,1
2019-2020_Bournemouth_Arsenal,2019-2020,19,2019-12-26,15:00,Bournemouth,Arsenal,1,1,D,1.0,0.0,H,S Attwell,12.0,17.0,4.0,2.0,8.0,3.0,5.0,13.0,4.0,4.0,0.0,0.0,3.5,3.9,1.95,1.57,2.37,3.65,4.0,2.08,3.5,3.85,2.01,1.59,2.55,1.55,2.43,1,1
2019-2020_Arsenal_Chelsea,2019-2020,20,2019-12-29,14:00,Arsenal,Chelsea,1,2,A,1.0,0.0,H,C Pawson,7.0,13.0,2.0,4.0,2.0,3.0,13.0,19.0,5.0,4.0,0.0,0.0,2.87,3.75,2.3,1.53,2.5,3.0,3.86,2.45,2.86,3.73,2.35,1.59,2.63,1.53,2.48,0,3
2019-2020_Arsenal_Man United,2019-2020,21,2020-01-01,20:00,Arsenal,Man United,2,0,H,2.0,0.0,H,C Kavanagh,10.0,10.0,4.0,4.0,1.0,4.0,11.0,15.0,2.0,0.0,0.0,0.0,2.55,3.6,2.62,1.66,2.2,2.65,3.8,2.7,2.58,3.64,2.61,1.69,2.35,1.64,2.26,3,0
2019-2020_Crystal Palace_Arsenal,2019-2020,22,2020-01-11,12:30,Crystal Palace,Arsenal,1,1,D,0.0,1.0,A,P Tierney,6.0,7.0,3.0,4.0,1.0,4.0,14.0,22.0,2.0,3.0,0.0,1.0,4.1,3.9,1.8,1.8,2.0,4.45,4.1,1.9,4.19,3.87,1.83,1.88,2.12,1.8,2.03,1,1
2019-2020_Arsenal_Sheffield United,2019-2020,23,2020-01-18,15:00,Arsenal,Sheffield United,1,1,D,1.0,0.0,H,M Dean,11.0,12.0,4.0,4.0,4.0,5.0,9.0,13.0,1.0,2.0,0.0,0.0,1.83,3.6,4.33,2.0,1.8,1.9,3.72,4.7,1.85,3.61,4.46,2.09,1.97,1.99,1.83,1,1
2019-2020_Chelsea_Arsenal,2019-2020,24,2020-01-21,20:15,Chelsea,Arsenal,2,2,D,1.0,0.0,H,S Attwell,19.0,2.0,8.0,2.0,17.0,5.0,11.0,6.0,2.0,1.0,0.0,1.0,1.72,3.9,4.5,1.72,2.1,1.79,4.1,5.2,1.74,3.95,4.71,1.73,2.29,1.68,2.2,1,1
2019-2020_Burnley_Arsenal,2019-2020,25,2020-02-02,14:00,Burnley,Arsenal,0,0,D,0.0,0.0,D,C Kavanagh,15.0,13.0,2.0,2.0,5.0,7.0,8.0,11.0,1.0,3.0,0.0,0.0,3.6,3.6,2.0,1.9,1.9,3.95,3.65,2.1,3.75,3.53,2.02,1.94,2.0,1.9,1.91,1,1
2019-2020_Arsenal_Newcastle,2019-2020,26,2020-02-16,16:30,Arsenal,Newcastle,4,0,H,0.0,0.0,D,L Mason,15.0,10.0,7.0,2.0,5.0,6.0,15.0,9.0,2.0,0.0,0.0,0.0,1.4,4.75,8.0,1.72,2.1,1.47,4.98,8.75,1.43,4.6,7.72,1.81,2.26,1.72,2.13,3,0
2019-2020_Arsenal_Everton,2019-2020,27,2020-02-23,16:30,Arsenal,Everton,3,2,H,2.0,2.0,D,S Attwell,9.0,17.0,4.0,5.0,6.0,3.0,12.0,12.0,0.0,4.0,0.0,0.0,2.0,3.6,3.7,1.72,2.1,2.12,3.8,3.88,2.04,3.6,3.63,1.77,2.19,1.73,2.11,3,0
2019-2020_Arsenal_West Ham,2019-2020,29,2020-03-07,15:00,Arsenal,West Ham,1,0,H,0.0,0.0,D,M Atkinson,9.0,14.0,2.0,6.0,6.0,7.0,11.0,9.0,1.0,2.0,0.0,0.0,1.57,4.4,5.5,1.57,2.37,1.62,4.5,6.21,1.56,4.37,5.78,1.66,2.45,1.6,2.35,3,0
2019-2020_Man City_Arsenal,2019-2020,30,2020-06-17,20:15,Man City,Arsenal,3,0,H,1.0,0.0,H,A Taylor,20.0,3.0,12.0,0.0,5.0,2.0,9.0,7.0,1.0,1.0,0.0,1.0,1.36,5.25,7.5,1.36,3.2,1.4,6.05,9.0,1.35,5.5,8.11,1.42,3.23,1.38,3.04,3,0
2019-2020_Brighton_Arsenal,2019-2020,30,2020-06-20,15:00,Brighton,Arsenal,2,1,H,0.0,0.0,D,M Atkinson,9.0,13.0,5.0,6.0,10.0,7.0,13.0,8.0,2.0,1.0,0.0,0.0,3.1,3.25,2.37,1.9,1.9,3.4,3.52,2.52,3.04,3.37,2.39,2.01,2.0,1.93,1.89,3,0
2019-2020_Southampton_Arsenal,2019-2020,31,2020-06-25,18:00,Southampton,Arsenal,0,2,A,0.0,1.0,A,G Scott,12.0,10.0,3.0,5.0,4.0,6.0,10.0,14.0,0.0,2.0,1.0,0.0,2.6,3.5,2.62,1.8,2.0,2.75,3.65,2.8,2.64,3.47,2.65,1.87,2.13,1.8,2.03,0,3
2019-2020_Arsenal_Norwich,2019-2020,32,2020-07-01,18:00,Arsenal,Norwich,4,0,H,2.0,0.0,H,P Bankes,13.0,8.0,8.0,2.0,6.0,2.0,10.0,10.0,1.0,4.0,0.0,0.0,1.44,4.75,7.0,1.72,2.1,1.48,4.9,8.2,1.44,4.69,7.23,1.77,2.28,1.7,2.18,3,0
2019-2020_Wolves_Arsenal,2019-2020,33,2020-07-04,17:30,Wolves,Arsenal,0,2,A,0.0,1.0,A,M Oliver,10.0,8.0,1.0,5.0,3.0,5.0,6.0,11.0,2.0,4.0,0.0,0.0,2.25,3.4,3.25,2.1,1.72,2.36,3.48,3.5,2.27,3.3,3.32,2.22,1.83,2.1,1.75,0,3
2019-2020_Arsenal_Leicester,2019-2020,34,2020-07-07,20:15,Arsenal,Leicester,1,1,D,1.0,0.0,H,C Kavanagh,11.0,13.0,7.0,5.0,10.0,1.0,10.0,14.0,1.0,0.0,1.0,0.0,2.3,3.5,3.0,1.9,1.9,2.49,3.59,3.15,2.38,3.43,3.03,1.99,2.05,1.88,1.95,1,1
2019-2020_Tottenham_Arsenal,2019-2020,35,2020-07-12,16:30,Tottenham,Arsenal,2,1,H,1.0,1.0,D,M Oliver,15.0,13.0,9.0,4.0,6.0,5.0,16.0,11.0,5.0,3.0,0.0,0.0,2.62,3.4,2.7,1.8,2.0,2.75,4.48,2.83,2.6,3.48,2.68,1.9,3.22,1.77,2.08,3,0
2019-2020_Arsenal_Liverpool,2019-2020,36,2020-07-15,20:15,Arsenal,Liverpool,2,1,H,2.0,1.0,H,P Tierney,3.0,24.0,2.0,8.0,2.0,13.0,14.0,10.0,3.0,1.0,0.0,0.0,3.8,3.8,1.9,1.57,2.37,4.1,4.05,1.95,3.89,3.89,1.89,1.65,2.52,1.58,2.41,3,0
2019-2020_Aston Villa_Arsenal,2019-2020,37,2020-07-21,20:15,Aston Villa,Arsenal,1,0,H,1.0,0.0,H,C Kavanagh,8.0,7.0,3.0,0.0,8.0,9.0,13.0,19.0,2.0,4.0,0.0,0.0,3.3,3.6,2.1,1.66,2.2,3.4,3.98,2.2,3.24,3.78,2.11,1.74,2.37,1.66,2.25,3,0
2019-2020_Arsenal_Watford,2019-2020,38,2020-07-26,16:00,Arsenal,Watford,3,2,H,3.0,1.0,H,M Dean,13.0,19.0,5.0,6.0,4.0,8.0,9.0,12.0,3.0,3.0,0.0,0.0,1.9,3.8,3.8,1.61,2.3,2.05,4.05,4.0,1.93,3.89,3.72,1.66,2.5,1.61,2.34,3,0
2020-2021_Fulham_Arsenal,2020-2021,1,2020-09-12,12:30,Fulham,Arsenal,0,3,A,0.0,1.0,A,C Kavanagh,5.0,13.0,2.0,6.0,2.0,3.0,12.0,12.0,2.0,2.0,0.0,0.0,6.0,4.33,1.53,1.72,2.1,6.55,4.55,1.6,5.94,4.34,1.55,1.84,2.18,1.76,2.1,0,3
2020-2021_Arsenal_West Ham,2020-2021,2,2020-09-19,20:00,Arsenal,West Ham,2,1,H,1.0,1.0,D,M Oliver,7.0,14.0,3.0,3.0,7.0,5.0,11.0,13.0,0.0,1.0,0.0,0.0,1.53,4.5,5.5,1.66,2.2,1.57,4.75,6.55,1.53,4.51,5.91,1.7,2.41,1.64,2.3,3,0
2020-2021_Liverpool_Arsenal,2020-2021,3,2020-09-28,20:00,Liverpool,Arsenal,3,1,H,2.0,1.0,H,C Pawson,21.0,4.0,8.0,3.0,7.0,3.0,11.0,7.0,2.0,2.0,0.0,0.0,1.45,4.75,6.5,1.53,2.5,1.54,5.0,6.95,1.49,4.68,6.3,1.57,2.6,1.54,2.48,3,0
2020-2021_Arsenal_Sheffield United,2020-2021,4,2020-10-04,14:00,Arsenal,Sheffield United,2,1,H,0.0,0.0,D,L Mason,6.0,6.0,5.0,2.0,2.0,4.0,3.0,9.0,0.0,1.0,0.0,0.0,1.57,4.0,6.0,1.9,1.9,1.6,4.3,6.75,1.56,4.09,6.25,2.02,1.98,1.93,1.89,3,0
2020-2021_Man City_Arsenal,2020-2021,5,2020-10-17,17:30,Man City,Arsenal,1,0,H,1.0,0.0,H,C Kavanagh,13.0,11.0,5.0,3.0,6.0,6.0,15.0,10.0,4.0,1.0,0.0,0.0,1.44,5.0,6.5,1.44,2.75,1.53,5.1,6.55,1.49,4.85,6.09,1.46,2.95,1.43,2.8,3,0
2020-2021_Arsenal_Leicester,2020-2021,6,2020-10-25,19:15,Arsenal,Leicester,0,1,A,0.0,0.0,D,C Pawson,12.0,6.0,4.0,2.0,9.0,3.0,13.0,9.0,3.0,5.0,0.0,0.0,1.9,3.75,3.8,1.72,2.1,1.98,3.9,4.1,1.93,3.74,3.92,1.82,2.2,1.74,2.12,0,3
2020-2021_Man United_Arsenal,2020-2021,7,2020-11-01,16:30,Man United,Arsenal,0,1,A,0.0,0.0,D,M Dean,8.0,7.0,2.0,2.0,6.0,3.0,12.0,12.0,3.0,3.0,0.0,0.0,2.0,3.6,3.6,1.72,2.1,2.1,3.85,3.76,2.04,3.66,3.58,1.81,2.22,1.74,2.12,0,3
2020-2021_Arsenal_Aston Villa,2020-2021,8,2020-11-08,19:15,Arsenal,Aston Villa,0,3,A,0.0,1.0,A,M Atkinson,13.0,15.0,2.0,6.0,3.0,8.0,11.0,13.0,0.0,0.0,0.0,0.0,1.65,4.1,5.0,1.66,2.2,1.75,4.2,5.27,1.7,3.97,4.92,1.74,2.34,1.68,2.22,0,3
2020-2021_Leeds_Arsenal,2020-2021,9,2020-11-22,16:30,Leeds,Arsenal,0,0,D,0.0,0.0,D,A Taylor,25.0,9.0,4.0,2.0,5.0,3.0,9.0,8.0,3.0,0.0,0.0,1.0,3.0,3.75,2.2,1.66,2.2,3.28,3.84,2.3,3.13,3.7,2.21,1.72,2.38,1.66,2.24,1,1
2020-2021_Arsenal_Wolves,2020-2021,10,2020-11-29,19:15,Arsenal,Wolves,1,2,A,1.0,2.0,A,M Oliver,13.0,11.0,2.0,5.0,8.0,4.0,13.0,13.0,3.0,4.0,0.0,0.0,2.05,3.4,3.75,2.3,1.61,2.22,3.45,3.81,2.13,3.28,3.72,2.44,1.73,2.31,1.62,0,3
2020-2021_Tottenham_Arsenal,2020-2021,11,2020-12-06,16:30,Tottenham,Arsenal,2,0,H,2.0,0.0,H,M Atkinson,6.0,11.0,3.0,2.0,3.0,9.0,16.0,12.0,1.0,2.0,0.0,0.0,1.95,3.6,3.8,1.9,1.9,2.1,3.7,4.0,2.01,3.54,3.79,1.99,2.0,1.92,1.9,3,0
2020-2021_Arsenal_Burnley,2020-2021,12,2020-12-13,19:15,Arsenal,Burnley,0,1,A,0.0,0.0,D,G Scott,18.0,10.0,6.0,2.0,13.0,4.0,5.0,11.0,2.0,1.0,1.0,0.0,1.53,4.2,6.25,1.9,1.9,1.58,4.48,7.0,1.54,4.22,6.42,1.97,1.98,1.9,1.92,0,3
2020-2021_Arsenal_Southampton,2020-2021,13,2020-12-16,18:00,Arsenal,Southampton,1,1,D,0.0,1.0,A,P Tierney,9.0,13.0,4.0,3.0,2.0,7.0,13.0,13.0,1.0,3.0,1.0,0.0,2.25,3.5,3.1,1.8,2.0,2.33,3.68,3.32,2.25,3.47,3.19,1.86,2.1,1.8,2.03,1,1
2020-2021_Everton_Arsenal,2020-2021,14,2020-12-19,17:30,Everton,Arsenal,2,1,H,2.0,1.0,H,A Marriner,9.0,13.0,2.0,2.0,4.0,3.0,9.0,9.0,1.0,3.0,0.0,0.0,2.45,3.5,2.8,1.8,2.0,2.53,3.6,3.1,2.42,3.44,2.93,1.91,2.05,1.84,1.98,3,0
2020-2021_Arsenal_Chelsea,2020-2021,15,2020-12-26,17:30,Arsenal,Chelsea,3,1,H,2.0,0.0,H,M Oliver,15.0,19.0,7.0,3.0,7.0,9.0,13.0,10.0,2.0,1.0,0.0,0.0,4.0,3.6,1.9,1.95,1.95,4.45,3.75,2.02,4.06,3.59,1.93,1.99,2.0,1.91,1.91,3,0
2020-2021_Brighton_Arsenal,2020-2021,16,2020-12-29,18:00,Brighton,Arsenal,0,1,A,0.0,0.0,D,M Atkinson,13.0,11.0,2.0,3.0,5.0,4.0,11.0,4.0,2.0,0.0,0.0,0.0,3.25,3.5,2.2,2.0,1.8,3.35,3.52,2.39,3.22,3.38,2.29,2.13,1.85,2.04,1.79,0,3
2020-2021_West Brom_Arsenal,2020-2021,17,2021-01-02,20:00,West Brom,Arsenal,0,4,A,0.0,2.0,A,M Atkinson,7.0,21.0,3.0,12.0,3.0,5.0,7.0,4.0,1.0,2.0,0.0,0.0,5.75,4.0,1.57,1.9,1.9,6.5,4.2,1.66,5.78,4.01,1.61,1.93,2.09,1.84,1.98,0,3
2020-2021_Arsenal_Crystal Palace,2020-2021,18,2021-01-14,20:00,Arsenal,Crystal Palace,0,0,D,0.0,0.0,D,A Marriner,11.0,12.0,4.0,2.0,7.0,3.0,10.0,11.0,1.0,1.0,0.0,0.0,1.53,4.0,6.5,1.9,1.9,1.61,4.25,7.0,1.55,4.1,6.37,1.92,2.05,1.87,1.95,1,1
2020-2021_Arsenal_Newcastle,2020-2021,19,2021-01-18,20:00,Arsenal,Newcastle,3,0,H,0.0,0.0,D,D Coote,20.0,4.0,6.0,1.0,7.0,2.0,9.0,8.0,0.0,0.0,0.0,0.0,1.4,4.5,8.0,1.8,2.0,1.47,4.85,8.2,1.44,4.61,7.54,1.84,2.13,1.79,2.05,3,0
2020-2021_Southampton_Arsenal,2020-2021,20,2021-01-26,20:15,Southampton,Arsenal,1,3,A,1.0,2.0,A,K Friend,13.0,9.0,5.0,5.0,4.0,5.0,11.0,6.0,1.0,2.0,0.0,0.0,3.5,3.6,2.05,1.8,2.0,3.62,3.73,2.18,3.49,3.6,2.09,1.94,2.14,1.78,2.05,0,3
2020-2021_Arsenal_Man United,2020-2021,21,2021-01-30,17:30,Arsenal,Man United,0,0,D,0.0,0.0,D,M Oliver,17.0,14.0,3.0,3.0,4.0,7.0,9.0,16.0,1.0,3.0,0.0,0.0,2.8,3.5,2.45,1.8,2.0,2.98,3.65,2.62,2.86,3.4,2.51,1.93,2.09,1.82,2.01,1,1
2020-2021_Wolves_Arsenal,2020-2021,22,2021-02-02,18:00,Wolves,Arsenal,2,1,H,1.0,1.0,D,C Pawson,11.0,9.0,7.0,3.0,9.0,6.0,11.0,8.0,3.0,2.0,0.0,2.0,3.6,3.3,2.1,2.3,1.61,3.75,3.46,2.22,3.63,3.29,2.17,2.36,1.71,2.27,1.64,3,0
2020-2021_Aston Villa_Arsenal,2020-2021,23,2021-02-06,12:30,Aston Villa,Arsenal,1,0,H,1.0,0.0,H,C Kavanagh,12.0,14.0,8.0,3.0,3.0,7.0,12.0,12.0,3.0,2.0,0.0,0.0,2.62,3.5,2.6,1.66,2.2,2.87,3.66,2.65,2.74,3.47,2.56,1.75,2.26,1.69,2.19,3,0
2020-2021_Arsenal_Leeds,2020-2021,24,2021-02-14,16:30,Arsenal,Leeds,4,2,H,3.0,0.0,H,S Attwell,13.0,9.0,5.0,5.0,4.0,5.0,8.0,17.0,0.0,2.0,0.0,0.0,1.83,3.8,4.0,1.57,2.37,1.96,3.92,4.11,1.89,3.77,3.98,1.65,2.46,1.59,2.38,3,0
2020-2021_Arsenal_Man City,2020-2021,25,2021-02-21,16:30,Arsenal,Man City,0,1,A,0.0,1.0,A,J Moss,7.0,15.0,1.0,3.0,1.0,3.0,11.0,9.0,2.0,2.0,0.0,0.0,6.5,4.33,1.5,1.72,2.1,6.9,4.58,1.57,6.27,4.36,1.53,1.86,2.15,1.76,2.08,0,3
2020-2021_Leicester_Arsenal,2020-2021,26,2021-02-28,12:00,Leicester,Arsenal,1,3,A,1.0,2.0,A,P Tierney,8.0,12.0,3.0,4.0,2.0,7.0,15.0,3.0,2.0,1.0,0.0,0.0,2.5,3.4,2.8,2.02,1.88,2.64,3.5,3.08,2.51,3.34,2.89,2.03,2.0,1.97,1.86,0,3
2020-2021_Burnley_Arsenal,2020-2021,27,2021-03-06,12:30,Burnley,Arsenal,1,1,D,1.0,1.0,D,A Marriner,9.0,15.0,5.0,3.0,2.0,4.0,5.0,12.0,1.0,1.0,0.0,0.0,5.5,4.0,1.61,1.97,1.93,5.8,4.12,1.69,5.48,3.94,1.64,2.01,1.96,1.93,1.9,1,1
2020-2021_Arsenal_Tottenham,2020-2021,28,2021-03-14,16:30,Arsenal,Tottenham,2,1,H,1.0,1.0,D,M Oliver,13.0,6.0,3.0,3.0,6.0,3.0,12.0,14.0,1.0,2.0,0.0,1.0,2.55,3.4,2.75,1.9,1.9,2.68,3.58,2.9,2.56,3.34,2.82,1.98,1.97,1.91,1.92,3,0
2020-2021_West Ham_Arsenal,2020-2021,29,2021-03-21,15:00,West Ham,Arsenal,3,3,D,3.0,1.0,H,J Moss,15.0,16.0,5.0,7.0,3.0,5.0,18.0,8.0,3.0,1.0,0.0,0.0,2.8,3.5,2.45,1.9,1.9,2.96,3.6,2.6,2.83,3.43,2.5,2.03,1.93,1.95,1.87,1,1
2020-2021_Arsenal_Liverpool,2020-2021,30,2021-04-03,20:00,Arsenal,Liverpool,0,3,A,0.0,0.0,D,S Attwell,3.0,16.0,2.0,7.0,1.0,2.0,10.0,10.0,1.0,1.0,0.0,0.0,3.1,3.7,2.15,1.72,2.1,3.26,3.7,2.35,3.13,3.56,2.26,1.87,2.14,1.78,2.06,0,3
2020-2021_Sheffield United_Arsenal,2020-2021,31,2021-04-11,19:00,Sheffield United,Arsenal,0,3,A,0.0,1.0,A,P Bankes,7.0,14.0,2.0,5.0,2.0,4.0,9.0,6.0,1.0,1.0,0.0,0.0,6.5,3.75,1.57,2.0,1.8,6.5,4.1,1.63,6.15,3.97,1.59,2.08,1.89,2.01,1.82,0,3
2020-2021_Arsenal_Fulham,2020-2021,32,2021-04-18,13:30,Arsenal,Fulham,1,1,D,0.0,0.0,D,C Pawson,18.0,3.0,5.0,1.0,11.0,1.0,9.0,11.0,0.0,3.0,0.0,0.0,1.7,3.8,4.8,2.0,1.8,1.8,3.85,5.25,1.75,3.72,4.91,2.19,1.85,2.04,1.79,1,1
2020-2021_Arsenal_Everton,2020-2021,33,2021-04-23,20:00,Arsenal,Everton,0,1,A,0.0,0.0,D,J Moss,14.0,8.0,3.0,1.0,7.0,3.0,13.0,10.0,1.0,3.0,0.0,0.0,2.0,3.5,3.75,2.0,1.8,2.13,3.6,3.96,2.06,3.46,3.77,2.1,1.93,2.0,1.84,0,3
2020-2021_Newcastle_Arsenal,2020-2021,34,2021-05-02,14:00,Newcastle,Arsenal,0,2,A,0.0,1.0,A,M Dean,5.0,19.0,1.0,5.0,3.0,7.0,10.0,9.0,2.0,1.0,1.0,0.0,3.6,3.6,2.0,1.72,2.1,3.79,3.74,2.13,3.64,3.57,2.05,1.84,2.13,1.78,2.06,0,3
2020-2021_Arsenal_West Brom,2020-2021,35,2021-05-09,19:00,Arsenal,West Brom,3,1,H,2.0,0.0,H,P Bankes,15.0,12.0,7.0,1.0,6.0,6.0,7.0,9.0,1.0,2.0,0.0,0.0,1.44,4.5,7.0,1.72,2.1,1.54,4.75,7.6,1.47,4.53,7.01,1.83,2.16,1.76,2.09,3,0
2020-2021_Chelsea_Arsenal,2020-2021,35,2021-05-12,20:15,Chelsea,Arsenal,0,1,A,0.0,1.0,A,A Marriner,19.0,5.0,5.0,2.0,9.0,1.0,7.0,6.0,0.0,1.0,0.0,0.0,1.65,4.0,5.0,2.0,1.8,1.81,4.0,5.3,1.73,3.8,5.04,2.1,1.9,2.04,1.8,0,3
2020-2021_Crystal Palace_Arsenal,2020-2021,37,2021-05-19,19:00,Crystal Palace,Arsenal,1,3,A,0.0,1.0,A,A Taylor,12.0,6.0,6.0,3.0,6.0,7.0,7.0,7.0,2.0,1.0,0.0,0.0,6.0,4.5,1.5,1.72,2.1,6.5,4.64,1.58,6.14,4.41,1.53,1.79,2.21,1.74,2.13,0,3
2020-2021_Arsenal_Brighton,2020-2021,38,2021-05-23,16:00,Arsenal,Brighton,2,0,H,0.0,0.0,D,J Moss,16.0,5.0,5.0,1.0,11.0,3.0,10.0,8.0,0.0,0.0,0.0,0.0,1.57,4.33,5.25,1.72,2.1,1.67,4.5,5.5,1.62,4.29,5.23,1.79,2.29,1.71,2.17,3,0
2021-2022_Brentford_Arsenal,2021-2022,1,2021-08-13,20:00,Brentford,Arsenal,2,0,H,1.0,0.0,H,M Oliver,8.0,22.0,3.0,4.0,2.0,5.0,12.0,8.0,0.0,0.0,0.0,0.0,4.0,3.4,1.95,2.1,1.72,4.62,3.72,2.1,4.02,3.43,2.02,2.26,1.83,2.16,1.73,3,0
2021-2022_Arsenal_Chelsea,2021-2022,2,2021-08-22,16:30,Arsenal,Chelsea,0,2,A,0.0,2.0,A,P Tierney,6.0,22.0,3.0,5.0,9.0,8.0,10.0,4.0,3.0,0.0,0.0,0.0,4.75,3.75,1.72,2.1,1.72,5.0,3.9,1.83,4.76,3.74,1.78,2.14,1.87,2.07,1.79,0,3
2021-2022_Man City_Arsenal,2021-2022,3,2021-08-28,12:30,Man City,Arsenal,5,0,H,3.0,0.0,H,M Atkinson,25.0,1.0,10.0,0.0,14.0,0.0,5.0,7.0,1.0,2.0,0.0,1.0,1.25,6.0,12.0,1.57,2.37,1.3,6.6,13.7,1.26,6.16,11.99,1.64,2.52,1.57,2.45,3,0
2021-2022_Arsenal_Norwich,2021-2022,4,2021-09-11,15:00,Arsenal,Norwich,1,0,H,0.0,0.0,D,M Oliver,30.0,10.0,7.0,1.0,8.0,4.0,9.0,11.0,1.0,2.0,0.0,0.0,1.5,4.6,6.0,1.72,2.1,1.55,4.6,6.95,1.52,4.48,6.4,1.75,2.26,1.71,2.17,3,0
2021-2022_Burnley_Arsenal,2021-2022,5,2021-09-18,15:00,Burnley,Arsenal,0,1,A,0.0,1.0,A,A Taylor,18.0,13.0,3.0,3.0,8.0,3.0,9.0,8.0,2.0,1.0,0.0,0.0,3.8,3.6,1.95,2.0,1.8,4.0,3.66,2.1,3.82,3.5,2.03,2.1,1.89,2.03,1.82,0,3
2021-2022_Arsenal_Tottenham,2021-2022,6,2021-09-26,16:30,Arsenal,Tottenham,3,1,H,3.0,0.0,H,C Pawson,12.0,10.0,7.0,4.0,4.0,4.0,12.0,13.0,2.0,1.0,0.0,0.0,2.15,3.3,3.5,2.0,1.8,2.38,3.5,3.55,2.28,3.31,3.35,2.15,1.87,2.07,1.79,3,0
2021-2022_Brighton_Arsenal,2021-2022,7,2021-10-02,17:30,Brighton,Arsenal,0,0,D,0.0,0.0,D,J Moss,21.0,8.0,2.0,2.0,8.0,5.0,8.0,5.0,2.0,1.0,0.0,0.0,3.0,3.25,2.4,2.0,1.8,3.2,3.34,2.6,3.05,3.22,2.5,2.12,1.86,2.06,1.8,1,1
2021-2022_Arsenal_Crystal Palace,2021-2022,8,2021-10-18,20:00,Arsenal,Crystal Palace,2,2,D,1.0,0.0,H,M Dean,17.0,9.0,6.0,6.0,6.0,4.0,7.0,4.0,1.0,1.0,0.0,0.0,1.6,3.8,6.0,1.97,1.93,1.7,4.1,6.13,1.65,3.87,5.65,1.99,1.95,1.93,1.91,1,1
2021-2022_Arsenal_Aston Villa,2021-2022,9,2021-10-22,20:00,Arsenal,Aston Villa,3,1,H,2.0,0.0,H,C Pawson,22.0,10.0,9.0,4.0,7.0,4.0,17.0,10.0,2.0,5.0,0.0,0.0,1.83,3.75,4.2,1.72,2.1,2.09,3.9,4.3,1.91,3.73,4.05,1.83,2.16,1.78,2.08,3,0
2021-2022_Leicester_Arsenal,2021-2022,10,2021-10-30,12:30,Leicester,Arsenal,0,2,A,0.0,2.0,A,M Oliver,16.0,9.0,8.0,5.0,7.0,6.0,8.0,11.0,2.0,0.0,0.0,0.0,2.4,3.5,2.87,1.8,2.0,2.56,3.6,3.0,2.47,3.47,2.87,1.85,2.16,1.81,2.05,0,3
2021-2022_Arsenal_Watford,2021-2022,11,2021-11-07,14:00,Arsenal,Watford,1,0,H,0.0,0.0,D,K Friend,14.0,7.0,6.0,1.0,4.0,2.0,6.0,19.0,4.0,2.0,0.0,1.0,1.36,4.75,8.5,1.57,2.37,1.43,5.25,9.0,1.39,4.9,8.25,1.64,2.48,1.6,2.38,3,0
2021-2022_Liverpool_Arsenal,2021-2022,12,2021-11-20,17:30,Liverpool,Arsenal,4,0,H,1.0,0.0,H,M Oliver,19.0,5.0,9.0,3.0,6.0,1.0,15.0,12.0,2.0,0.0,0.0,0.0,1.45,4.75,6.5,1.5,2.62,1.53,5.0,7.16,1.48,4.77,6.38,1.52,2.79,1.49,2.64,3,0
2021-2022_Arsenal_Newcastle,2021-2022,13,2021-11-27,12:30,Arsenal,Newcastle,2,0,H,0.0,0.0,D,S Attwell,24.0,9.0,6.0,5.0,4.0,4.0,6.0,12.0,1.0,3.0,0.0,0.0,1.44,4.75,7.0,1.61,2.3,1.52,5.0,7.0,1.47,4.77,6.61,1.69,2.4,1.62,2.33,3,0
2021-2022_Man United_Arsenal,2021-2022,14,2021-12-02,20:15,Man United,Arsenal,3,2,H,1.0,1.0,D,M Atkinson,14.0,17.0,10.0,8.0,3.0,8.0,9.0,10.0,1.0,0.0,0.0,0.0,1.95,3.75,3.75,1.8,2.0,2.1,3.85,3.76,2.02,3.66,3.66,1.88,2.13,1.8,2.05,3,0
2021-2022_Everton_Arsenal,2021-2022,15,2021-12-06,20:00,Everton,Arsenal,2,1,H,0.0,1.0,A,M Dean,11.0,10.0,5.0,3.0,3.0,3.0,8.0,12.0,2.0,2.0,0.0,0.0,3.4,3.5,2.1,2.06,1.84,3.62,3.7,2.26,3.38,3.52,2.16,2.13,1.87,2.04,1.81,3,0
2021-2022_Arsenal_Southampton,2021-2022,16,2021-12-11,15:00,Arsenal,Southampton,3,0,H,2.0,0.0,H,J Gillett,15.0,11.0,5.0,6.0,9.0,8.0,5.0,9.0,2.0,0.0,0.0,0.0,1.61,4.0,5.5,1.8,2.0,1.71,4.25,5.61,1.67,3.99,5.32,1.85,2.14,1.79,2.06,3,0
2021-2022_Arsenal_West Ham,2021-2022,17,2021-12-15,20:00,Arsenal,West Ham,2,0,H,0.0,0.0,D,A Taylor,21.0,7.0,8.0,1.0,5.0,2.0,8.0,9.0,2.0,0.0,0.0,1.0,2.1,3.6,3.3,1.85,2.05,2.28,3.78,3.44,2.2,3.58,3.26,1.91,2.09,1.83,2.02,3,0
2021-2022_Leeds_Arsenal,2021-2022,18,2021-12-18,17:30,Leeds,Arsenal,1,4,A,0.0,3.0,A,A Marriner,9.0,21.0,2.0,12.0,1.0,4.0,11.0,7.0,3.0,1.0,0.0,0.0,3.9,3.8,1.83,1.72,2.1,4.0,3.95,1.98,3.89,3.78,1.91,1.81,2.22,1.75,2.11,0,3
2021-2022_Norwich_Arsenal,2021-2022,19,2021-12-26,15:00,Norwich,Arsenal,0,5,A,0.0,2.0,A,G Scott,4.0,16.0,2.0,6.0,3.0,5.0,13.0,7.0,1.0,2.0,0.0,0.0,8.0,4.75,1.4,1.72,2.1,8.3,5.0,1.46,7.73,4.77,1.42,1.85,2.16,1.78,2.07,0,3
2021-2022_Arsenal_Man City,2021-2022,21,2022-01-01,12:30,Arsenal,Man City,1,2,A,1.0,0.0,H,S Attwell,7.0,15.0,2.0,2.0,5.0,5.0,13.0,5.0,3.0,2.0,1.0,0.0,5.75,4.75,1.5,1.57,2.37,6.27,4.9,1.59,5.91,4.62,1.53,1.63,2.51,1.58,2.4,0,3
2021-2022_Arsenal_Burnley,2021-2022,23,2022-01-23,14:00,Arsenal,Burnley,0,0,D,0.0,0.0,D,D Coote,20.0,10.0,5.0,1.0,12.0,4.0,9.0,13.0,0.0,2.0,0.0,0.0,1.36,4.75,9.0,1.8,2.0,1.42,5.3,11.25,1.36,4.97,9.11,1.83,2.15,1.76,2.09,1,1
2021-2022_Wolves_Arsenal,2021-2022,24,2022-02-10,19:45,Wolves,Arsenal,0,1,A,0.0,1.0,A,M Oliver,15.0,12.0,4.0,2.0,7.0,4.0,12.0,13.0,2.0,3.0,0.0,1.0,3.5,3.2,2.2,2.3,1.61,3.75,3.42,2.28,3.57,3.25,2.2,2.41,1.7,2.31,1.63,0,3
2021-2022_Arsenal_Brentford,2021-2022,26,2022-02-19,15:00,Arsenal,Brentford,2,1,H,0.0,0.0,D,J Moss,24.0,6.0,8.0,2.0,14.0,0.0,10.0,5.0,1.0,1.0,0.0,0.0,1.44,4.2,8.0,1.97,1.93,1.5,4.6,8.5,1.46,4.46,7.68,2.02,1.94,1.96,1.88,3,0
2021-2022_Arsenal_Wolves,2021-2022,26,2022-02-24,19:45,Arsenal,Wolves,2,1,H,0.0,1.0,A,M Atkinson,26.0,6.0,5.0,2.0,5.0,4.0,8.0,9.0,1.0,1.0,0.0,0.0,1.65,3.8,5.5,2.2,1.66,1.7,4.0,6.25,1.65,3.8,5.83,2.34,1.74,2.23,1.67,3,0
2021-2022_Watford_Arsenal,2021-2022,28,2022-03-06,14:00,Watford,Arsenal,2,3,A,1.0,2.0,A,C Pawson,13.0,16.0,7.0,4.0,1.0,5.0,5.0,11.0,1.0,2.0,0.0,0.0,6.0,4.0,1.57,2.05,1.85,6.6,4.18,1.65,6.14,4.02,1.59,2.1,1.87,2.02,1.82,0,3
2021-2022_Arsenal_Leicester,2021-2022,29,2022-03-13,16:30,Arsenal,Leicester,2,0,H,1.0,0.0,H,A Taylor,21.0,6.0,8.0,3.0,2.0,6.0,8.0,10.0,0.0,3.0,0.0,0.0,1.5,4.5,6.0,1.61,2.3,1.58,4.74,6.5,1.53,4.55,6.0,1.67,2.4,1.63,2.31,3,0
2021-2022_Arsenal_Liverpool,2021-2022,29,2022-03-16,20:15,Arsenal,Liverpool,0,2,A,0.0,0.0,D,A Marriner,9.0,9.0,2.0,3.0,1.0,6.0,9.0,9.0,0.0,1.0,0.0,0.0,3.5,4.0,1.9,1.72,2.1,4.0,4.25,1.98,3.78,3.98,1.92,1.8,2.25,1.72,2.15,0,3
2021-2022_Aston Villa_Arsenal,2021-2022,30,2022-03-19,12:30,Aston Villa,Arsenal,0,1,A,0.0,1.0,A,A Madley,8.0,10.0,1.0,3.0,6.0,5.0,13.0,14.0,3.0,3.0,0.0,0.0,3.0,3.3,2.4,1.92,1.98,3.1,3.6,2.52,2.99,3.47,2.41,1.93,2.01,1.87,1.96,0,3
2021-2022_Crystal Palace_Arsenal,2021-2022,31,2022-04-04,20:00,Crystal Palace,Arsenal,3,0,H,2.0,0.0,H,P Tierney,6.0,12.0,5.0,3.0,0.0,2.0,11.0,15.0,0.0,2.0,0.0,0.0,4.0,3.4,1.95,2.1,1.72,4.25,3.56,2.06,4.05,3.41,1.99,2.22,1.81,2.13,1.73,3,0
2021-2022_Arsenal_Brighton,2021-2022,32,2022-04-09,15:00,Arsenal,Brighton,1,2,A,0.0,1.0,A,D Coote,20.0,8.0,4.0,3.0,11.0,2.0,12.0,19.0,3.0,4.0,0.0,0.0,1.61,3.8,5.75,2.04,1.86,1.7,4.05,6.0,1.65,3.9,5.64,2.12,1.88,2.01,1.81,0,3
2021-2022_Southampton_Arsenal,2021-2022,33,2022-04-16,15:00,Southampton,Arsenal,1,0,H,1.0,0.0,H,P Bankes,9.0,23.0,3.0,6.0,6.0,8.0,6.0,6.0,2.0,1.0,0.0,0.0,3.8,3.6,1.95,1.9,2.0,4.05,3.9,2.02,3.9,3.68,1.95,1.98,2.01,1.88,1.95,3,0
2021-2022_Chelsea_Arsenal,2021-2022,33,2022-04-20,19:45,Chelsea,Arsenal,2,4,A,2.0,2.0,D,J Moss,11.0,14.0,2.0,4.0,6.0,1.0,7.0,6.0,3.0,1.0,0.0,0.0,1.83,3.6,4.33,2.1,1.8,1.92,3.8,4.65,1.87,3.64,4.34,2.11,1.89,2.04,1.8,0,3
2021-2022_Arsenal_Man United,2021-2022,34,2022-04-23,12:30,Arsenal,Man United,3,1,H,2.0,1.0,H,C Pawson,14.0,14.0,7.0,5.0,1.0,7.0,9.0,12.0,3.0,4.0,0.0,0.0,2.05,3.5,3.5,1.81,2.09,2.18,3.75,3.7,2.11,3.58,3.5,1.9,2.11,1.81,2.03,3,0
2021-2022_West Ham_Arsenal,2021-2022,35,2022-05-01,16:30,West Ham,Arsenal,1,2,A,1.0,1.0,D,M Dean,8.0,13.0,3.0,7.0,3.0,7.0,8.0,9.0,2.0,2.0,0.0,0.0,4.33,3.8,1.8,1.89,2.01,4.75,4.1,1.84,4.54,3.84,1.79,1.95,2.04,1.86,1.97,0,3
2021-2022_Arsenal_Leeds,2021-2022,36,2022-05-08,14:00,Arsenal,Leeds,2,1,H,2.0,0.0,H,C Kavanagh,19.0,3.0,9.0,2.0,8.0,2.0,13.0,15.0,2.0,2.0,0.0,1.0,1.45,4.5,7.0,1.61,2.3,1.5,5.03,7.31,1.46,4.81,6.77,1.64,2.5,1.58,2.41,3,0
2021-2022_Tottenham_Arsenal,2021-2022,36,2022-05-12,19:45,Tottenham,Arsenal,3,0,H,2.0,0.0,H,P Tierney,16.0,8.0,6.0,4.0,2.0,2.0,8.0,15.0,1.0,3.0,0.0,1.0,2.05,3.75,3.5,1.8,2.0,2.2,3.79,3.62,2.12,3.6,3.42,1.87,2.13,1.78,2.05,3,0
2021-2022_Newcastle_Arsenal,2021-2022,37,2022-05-16,20:00,Newcastle,Arsenal,2,0,H,0.0,0.0,D,D England,16.0,11.0,4.0,2.0,12.0,8.0,11.0,8.0,0.0,3.0,0.0,0.0,4.33,3.6,1.83,1.9,2.0,4.33,3.98,1.95,4.14,3.68,1.88,1.91,2.04,1.85,1.97,3,0
2021-2022_Arsenal_Everton,2021-2022,38,2022-05-22,16:00,Arsenal,Everton,5,1,H,2.0,1.0,H,A Marriner,26.0,6.0,9.0,2.0,12.0,2.0,8.0,9.0,0.0,1.0,0.0,0.0,1.36,4.75,9.0,1.57,2.37,1.4,5.5,9.6,1.37,5.15,8.69,1.65,2.55,1.57,2.42,3,0
2022-2023_Crystal Palace_Arsenal,2022-2023,1,2022-08-05,20:00,Crystal Palace,Arsenal,0,2,A,0.0,1.0,A,A Taylor,10.0,10.0,2.0,2.0,3.0,5.0,16.0,11.0,1.0,2.0,0.0,0.0,4.2,3.6,1.85,2.1,1.72,4.6,3.78,1.95,4.39,3.59,1.88,2.19,1.91,2.09,1.76,0,3
2022-2023_Arsenal_Leicester,2022-2023,2,2022-08-13,15:00,Arsenal,Leicester,4,2,H,2.0,0.0,H,D England,19.0,6.0,7.0,2.0,6.0,2.0,15.0,9.0,1.0,1.0,0.0,0.0,1.53,4.33,5.75,1.66,2.2,1.6,4.65,6.42,1.55,4.37,6.04,1.76,2.3,1.69,2.21,3,0
2022-2023_Bournemouth_Arsenal,2022-2023,3,2022-08-20,17:30,Bournemouth,Arsenal,0,3,A,0.0,2.0,A,C Pawson,6.0,14.0,1.0,6.0,3.0,4.0,12.0,10.0,2.0,1.0,0.0,0.0,8.0,4.75,1.4,1.72,2.1,8.01,4.9,1.47,7.65,4.7,1.43,1.82,2.14,1.76,2.09,0,3
2022-2023_Arsenal_Fulham,2022-2023,4,2022-08-27,17:30,Arsenal,Fulham,2,1,H,0.0,0.0,D,J Gillett,22.0,11.0,8.0,3.0,9.0,2.0,6.0,12.0,2.0,3.0,0.0,0.0,1.3,5.75,9.0,1.5,2.62,1.36,6.1,10.0,1.32,5.77,9.44,1.54,2.75,1.49,2.62,3,0
2022-2023_Arsenal_Aston Villa,2022-2023,5,2022-08-31,19:30,Arsenal,Aston Villa,2,1,H,1.0,0.0,H,R Jones,22.0,4.0,9.0,3.0,10.0,3.0,10.0,14.0,2.0,3.0,0.0,0.0,1.45,4.5,6.0,1.72,2.1,1.5,4.8,7.5,1.47,4.63,7.0,1.82,2.17,1.75,2.11,3,0
2022-2023_Man United_Arsenal,2022-2023,6,2022-09-04,16:30,Man United,Arsenal,3,1,H,1.0,0.0,H,P Tierney,10.0,16.0,6.0,3.0,2.0,5.0,13.0,9.0,3.0,3.0,0.0,0.0,2.5,3.5,2.7,1.66,2.2,2.7,3.74,2.78,2.61,3.55,2.67,1.77,2.28,1.7,2.18,3,0
2022-2023_Brentford_Arsenal,2022-2023,8,2022-09-18,12:00,Brentford,Arsenal,0,3,A,0.0,2.0,A,D Coote,5.0,13.0,2.0,7.0,3.0,3.0,10.0,10.0,0.0,2.0,0.0,0.0,4.2,3.8,1.8,1.66,2.2,4.5,4.05,1.86,4.3,3.91,1.81,1.72,2.28,1.68,2.21,0,3
2022-2023_Arsenal_Tottenham,2022-2023,9,2022-10-01,12:30,Arsenal,Tottenham,3,1,H,1.0,1.0,D,A Taylor,22.0,7.0,9.0,3.0,5.0,2.0,10.0,10.0,2.0,1.0,0.0,1.0,2.05,3.75,3.3,1.72,2.1,2.15,3.85,3.65,2.08,3.7,3.48,1.77,2.28,1.71,2.16,3,0
2022-2023_Arsenal_Liverpool,2022-2023,10,2022-10-09,16:30,Arsenal,Liverpool,3,2,H,2.0,1.0,H,M Oliver,11.0,8.0,7.0,3.0,4.0,3.0,11.0,11.0,1.0,2.0,0.0,0.0,2.5,3.6,2.62,1.57,2.37,2.69,3.96,2.7,2.58,3.72,2.62,1.67,2.49,1.6,2.38,3,0
2022-2023_Leeds_Arsenal,2022-2023,11,2022-10-16,14:00,Leeds,Arsenal,0,1,A,0.0,1.0,A,C Kavanagh,16.0,9.0,4.0,4.0,6.0,3.0,10.0,11.0,0.0,2.0,0.0,0.0,6.0,4.2,1.55,1.61,2.3,6.3,4.6,1.6,5.83,4.41,1.56,1.67,2.41,1.62,2.31,0,3
2022-2023_Southampton_Arsenal,2022-2023,13,2022-10-23,14:00,Southampton,Arsenal,1,1,D,0.0,1.0,A,R Jones,10.0,12.0,3.0,3.0,9.0,4.0,11.0,8.0,2.0,1.0,0.0,0.0,6.0,4.0,1.57,1.66,2.2,6.3,4.5,1.6,5.78,4.27,1.58,1.75,2.29,1.67,2.22,1,1
2022-2023_Arsenal_Nott'm Forest,2022-2023,14,2022-10-30,14:00,Arsenal,Nott'm Forest,5,0,H,1.0,0.0,H,S Hooper,24.0,5.0,10.0,2.0,9.0,4.0,9.0,8.0,0.0,1.0,0.0,0.0,1.2,7.0,12.0,1.5,2.62,1.24,7.5,17.0,1.2,6.96,14.82,1.53,2.68,1.5,2.57,3,0
2022-2023_Chelsea_Arsenal,2022-2023,15,2022-11-06,12:00,Chelsea,Arsenal,0,1,A,0.0,0.0,D,M Oliver,5.0,14.0,1.0,2.0,4.0,6.0,20.0,13.0,5.0,2.0,0.0,0.0,2.55,3.4,2.7,1.93,1.97,2.72,3.54,2.85,2.64,3.42,2.7,1.97,2.02,1.89,1.94,0,3
2022-2023_Wolves_Arsenal,2022-2023,16,2022-11-12,19:45,Wolves,Arsenal,0,2,A,0.0,0.0,D,S Attwell,11.0,14.0,2.0,4.0,6.0,4.0,5.0,6.0,3.0,2.0,0.0,0.0,6.0,4.2,1.55,1.8,2.0,6.5,4.44,1.59,6.15,4.26,1.55,1.84,2.13,1.78,2.05,0,3
2022-2023_Arsenal_West Ham,2022-2023,17,2022-12-26,20:00,Arsenal,West Ham,3,1,H,0.0,1.0,A,M Oliver,16.0,8.0,5.0,4.0,7.0,5.0,13.0,17.0,0.0,2.0,0.0,0.0,1.5,4.33,6.5,1.73,2.1,1.55,4.7,7.1,1.51,4.39,6.52,1.85,2.16,1.77,2.07,3,0
2022-2023_Brighton_Arsenal,2022-2023,18,2022-12-31,17:30,Brighton,Arsenal,2,4,A,0.0,2.0,A,A Taylor,9.0,14.0,5.0,7.0,7.0,4.0,7.0,11.0,3.0,3.0,0.0,0.0,3.4,3.5,2.1,1.89,2.04,3.6,3.72,2.17,3.46,3.56,2.12,1.91,2.08,1.84,2.0,0,3
2022-2023_Arsenal_Newcastle,2022-2023,19,2023-01-03,19:45,Arsenal,Newcastle,0,0,D,0.0,0.0,D,A Madley,17.0,8.0,4.0,1.0,5.0,5.0,10.0,16.0,4.0,4.0,0.0,0.0,1.8,3.8,4.33,1.8,2.0,1.85,3.99,4.75,1.82,3.83,4.39,1.88,2.12,1.8,2.04,1,1
2022-2023_Tottenham_Arsenal,2022-2023,20,2023-01-15,16:30,Tottenham,Arsenal,0,2,A,0.0,2.0,A,C Pawson,17.0,14.0,7.0,5.0,4.0,3.0,16.0,15.0,4.0,2.0,0.0,0.0,3.1,3.6,2.2,1.8,2.0,3.38,3.85,2.24,3.24,3.63,2.18,1.85,2.11,1.79,2.04,0,3
2022-2023_Arsenal_Man United,2022-2023,21,2023-01-22,16:30,Arsenal,Man United,3,2,H,1.0,1.0,D,A Taylor,25.0,6.0,5.0,4.0,12.0,4.0,8.0,9.0,1.0,2.0,0.0,0.0,1.8,3.8,4.2,1.73,2.1,1.91,4.1,4.35,1.86,3.86,4.08,1.74,2.26,1.7,2.17,3,0
2022-2023_Everton_Arsenal,2022-2023,22,2023-02-04,12:30,Everton,Arsenal,1,0,H,0.0,0.0,D,D Coote,12.0,15.0,4.0,3.0,7.0,5.0,13.0,8.0,4.0,1.0,0.0,0.0,8.5,4.5,1.4,1.87,2.03,8.93,5.0,1.45,8.22,4.75,1.41,1.9,2.06,1.84,1.99,3,0
2022-2023_Arsenal_Brentford,2022-2023,23,2023-02-11,15:00,Arsenal,Brentford,1,1,D,0.0,0.0,D,P Bankes,23.0,9.0,7.0,2.0,7.0,4.0,9.0,9.0,0.0,2.0,0.0,0.0,1.44,4.75,7.0,1.73,2.1,1.49,4.9,8.0,1.45,4.72,7.52,1.78,2.21,1.73,2.14,1,1
2022-2023_Arsenal_Man City,2022-2023,23,2023-02-15,19:30,Arsenal,Man City,1,3,A,1.0,1.0,D,A Taylor,10.0,9.0,1.0,6.0,1.0,3.0,11.0,15.0,2.0,3.0,0.0,0.0,2.9,3.5,2.35,1.88,2.02,3.04,3.65,2.51,2.93,3.51,2.42,1.94,2.05,1.85,1.99,0,3
2022-2023_Aston Villa_Arsenal,2022-2023,24,2023-02-18,12:30,Aston Villa,Arsenal,2,4,A,2.0,1.0,H,S Hooper,7.0,20.0,5.0,5.0,2.0,9.0,13.0,4.0,2.0,1.0,0.0,0.0,4.5,3.6,1.5,2.02,1.88,4.6,3.86,1.87,4.43,3.71,1.84,2.06,1.91,1.98,1.86,0,3
2022-2023_Leicester_Arsenal,2022-2023,25,2023-02-25,15:00,Leicester,Arsenal,0,1,A,0.0,0.0,D,C Pawson,1.0,10.0,0.0,2.0,0.0,8.0,14.0,9.0,0.0,1.0,0.0,0.0,4.75,4.0,1.7,1.67,2.2,5.0,4.3,1.74,4.73,4.09,1.71,1.71,2.3,1.67,2.23,0,3
2022-2023_Arsenal_Everton,2022-2023,25,2023-03-01,19:45,Arsenal,Everton,4,0,H,2.0,0.0,H,M Oliver,15.0,8.0,5.0,5.0,5.0,1.0,5.0,12.0,0.0,2.0,0.0,0.0,1.36,4.75,10.0,1.85,2.05,1.4,5.4,10.0,1.36,5.04,9.33,1.88,2.08,1.82,2.02,3,0
2022-2023_Arsenal_Bournemouth,2022-2023,26,2023-03-04,15:00,Arsenal,Bournemouth,3,2,H,0.0,1.0,A,C Kavanagh,31.0,4.0,9.0,4.0,17.0,1.0,6.0,8.0,0.0,2.0,0.0,0.0,1.22,7.0,12.0,1.57,2.38,1.24,7.3,15.0,1.22,6.82,13.83,1.64,2.52,1.58,2.41,3,0
2022-2023_Fulham_Arsenal,2022-2023,27,2023-03-12,14:00,Fulham,Arsenal,0,3,A,0.0,3.0,A,D Coote,12.0,15.0,2.0,7.0,4.0,8.0,10.0,9.0,0.0,1.0,0.0,0.0,6.0,4.0,1.57,1.85,2.08,6.2,4.33,1.63,5.74,4.17,1.59,1.87,2.09,1.81,2.02,0,3
2022-2023_Arsenal_Crystal Palace,2022-2023,28,2023-03-19,14:00,Arsenal,Crystal Palace,4,1,H,2.0,0.0,H,S Attwell,15.0,8.0,5.0,4.0,5.0,4.0,8.0,10.0,0.0,1.0,0.0,0.0,1.25,5.5,15.0,1.73,2.1,1.29,6.42,15.5,1.26,5.93,12.83,1.79,2.25,1.73,2.14,3,0
2022-2023_Arsenal_Leeds,2022-2023,29,2023-04-01,15:00,Arsenal,Leeds,4,1,H,1.0,0.0,H,D England,13.0,7.0,6.0,5.0,4.0,3.0,11.0,13.0,0.0,2.0,0.0,0.0,1.29,6.0,9.0,1.53,2.5,1.31,6.25,12.0,1.29,5.84,10.48,1.57,2.58,1.53,2.51,3,0
2022-2023_Liverpool_Arsenal,2022-2023,30,2023-04-09,16:30,Liverpool,Arsenal,2,2,D,1.0,2.0,A,P Tierney,21.0,9.0,6.0,5.0,5.0,4.0,11.0,11.0,4.0,4.0,0.0,0.0,2.88,3.6,2.38,1.62,2.3,2.95,3.88,2.5,2.79,3.69,2.41,1.71,2.39,1.64,2.28,1,1
2022-2023_West Ham_Arsenal,2022-2023,31,2023-04-16,14:00,West Ham,Arsenal,2,2,D,1.0,2.0,A,D Coote,16.0,11.0,3.0,5.0,7.0,2.0,11.0,8.0,1.0,2.0,0.0,0.0,6.0,4.2,1.55,1.8,2.0,6.2,4.4,1.61,5.92,4.22,1.57,1.86,2.11,1.8,2.04,1,1
2022-2023_Arsenal_Southampton,2022-2023,32,2023-04-21,20:00,Arsenal,Southampton,3,3,D,1.0,2.0,A,S Hooper,25.0,8.0,6.0,6.0,7.0,2.0,10.0,14.0,1.0,5.0,0.0,0.0,1.2,7.0,13.0,1.5,2.63,1.23,7.9,17.0,1.2,7.18,14.72,1.55,2.7,1.51,2.58,1,1
2022-2023_Man City_Arsenal,2022-2023,33,2023-04-26,20:00,Man City,Arsenal,4,1,H,2.0,0.0,H,M Oliver,14.0,8.0,9.0,2.0,1.0,3.0,13.0,13.0,3.0,1.0,0.0,0.0,1.55,4.5,5.25,1.62,2.3,1.61,4.8,6.4,1.56,4.49,5.7,1.67,2.49,1.6,2.35,3,0
2022-2023_Arsenal_Chelsea,2022-2023,34,2023-05-02,20:00,Arsenal,Chelsea,3,1,H,3.0,0.0,H,R Jones,16.0,7.0,10.0,4.0,7.0,2.0,10.0,10.0,0.0,2.0,0.0,0.0,1.6,4.0,5.5,1.73,2.1,1.64,4.4,6.1,1.59,4.22,5.75,1.82,2.17,1.75,2.1,3,0
2022-2023_Newcastle_Arsenal,2022-2023,35,2023-05-07,16:30,Newcastle,Arsenal,0,2,A,0.0,1.0,A,C Kavanagh,12.0,10.0,5.0,6.0,9.0,4.0,16.0,12.0,2.0,1.0,0.0,0.0,2.45,3.75,2.63,1.62,2.3,2.6,3.94,2.85,2.49,3.73,2.71,1.7,2.41,1.64,2.29,0,3
2022-2023_Arsenal_Brighton,2022-2023,36,2023-05-14,16:30,Arsenal,Brighton,0,3,A,0.0,0.0,D,A Madley,14.0,12.0,2.0,6.0,5.0,2.0,13.0,17.0,1.0,2.0,0.0,0.0,1.73,4.2,4.2,1.53,2.5,1.81,4.5,4.35,1.77,4.19,4.21,1.56,2.63,1.53,2.51,0,3
2022-2023_Nott'm Forest_Arsenal,2022-2023,37,2023-05-20,17:30,Nott'm Forest,Arsenal,1,0,H,1.0,0.0,H,A Taylor,6.0,11.0,2.0,3.0,3.0,6.0,11.0,12.0,3.0,2.0,0.0,0.0,5.25,4.33,1.57,1.57,2.38,5.6,4.6,1.7,5.37,4.45,1.59,1.64,2.51,1.57,2.41,3,0
2022-2023_Arsenal_Wolves,2022-2023,38,2023-05-28,16:30,Arsenal,Wolves,5,0,H,3.0,0.0,H,A Marriner,14.0,6.0,8.0,0.0,8.0,4.0,8.0,11.0,0.0,0.0,0.0,0.0,1.36,5.25,8.0,1.44,2.75,1.43,5.7,8.5,1.37,5.33,7.87,1.5,2.8,1.46,2.71,3,0
2023-2024_Arsenal_Nott'm Forest,2023-2024,1,2023-08-12,12:30,Arsenal,Nott'm Forest,2,1,H,2.0,0.0,H,M Oliver,15.0,6.0,7.0,2.0,8.0,3.0,12.0,12.0,2.0,2.0,0.0,0.0,1.18,7.0,15.0,1.44,2.75,1.21,8.5,17.5,1.18,7.64,15.67,1.45,2.98,1.42,2.85,3,0
2023-2024_Crystal Palace_Arsenal,2023-2024,2,2023-08-21,20:00,Crystal Palace,Arsenal,0,1,A,0.0,0.0,D,D Coote,14.0,14.0,2.0,3.0,1.0,8.0,14.0,10.0,2.0,1.0,0.0,1.0,5.5,4.0,1.6,1.94,1.96,6.0,4.33,1.68,5.79,4.06,1.6,2.0,1.97,1.92,1.9,0,3
2023-2024_Arsenal_Fulham,2023-2024,3,2023-08-26,15:00,Arsenal,Fulham,2,2,D,0.0,1.0,A,P Tierney,19.0,8.0,11.0,3.0,8.0,3.0,6.0,5.0,0.0,3.0,0.0,1.0,1.2,7.0,13.0,1.44,2.75,1.27,7.27,15.25,1.23,6.49,13.35,1.53,2.8,1.48,2.67,1,1
2023-2024_Arsenal_Man United,2023-2024,4,2023-09-03,16:30,Arsenal,Man United,3,1,H,1.0,1.0,D,A Taylor,17.0,10.0,5.0,2.0,12.0,3.0,8.0,7.0,2.0,3.0,0.0,0.0,1.75,3.8,4.5,1.57,2.38,1.83,4.25,4.7,1.77,4.04,4.38,1.6,2.53,1.55,2.47,3,0
2023-2024_Everton_Arsenal,2023-2024,5,2023-09-17,16:30,Everton,Arsenal,0,1,A,0.0,0.0,D,S Hooper,8.0,13.0,1.0,4.0,1.0,11.0,12.0,10.0,1.0,1.0,0.0,0.0,6.0,4.5,1.5,1.67,2.2,6.5,4.75,1.57,6.07,4.55,1.52,1.7,2.36,1.65,2.27,0,3
2023-2024_Arsenal_Tottenham,2023-2024,6,2023-09-24,14:00,Arsenal,Tottenham,2,2,D,1.0,1.0,D,R Jones,13.0,13.0,6.0,5.0,11.0,4.0,12.0,19.0,3.0,4.0,0.0,0.0,1.67,4.33,4.33,1.5,2.63,1.76,4.6,4.75,1.7,4.36,4.5,1.54,2.69,1.51,2.58,1,1
2023-2024_Bournemouth_Arsenal,2023-2024,7,2023-09-30,15:00,Bournemouth,Arsenal,0,4,A,0.0,2.0,A,M Salisbury,8.0,15.0,1.0,8.0,6.0,6.0,11.0,10.0,0.0,1.0,0.0,0.0,5.5,4.5,1.53,1.53,2.5,6.0,4.9,1.58,5.77,4.68,1.53,1.58,2.56,1.54,2.49,0,3
2023-2024_Arsenal_Man City,2023-2024,8,2023-10-08,16:30,Arsenal,Man City,1,0,H,0.0,0.0,D,M Oliver,12.0,4.0,2.0,1.0,5.0,4.0,8.0,7.0,2.0,3.0,0.0,0.0,2.9,3.3,2.4,1.75,2.05,3.05,3.66,2.51,2.92,3.49,2.44,1.85,2.16,1.78,2.05,3,0
2023-2024_Chelsea_Arsenal,2023-2024,9,2023-10-21,17:30,Chelsea,Arsenal,2,2,D,1.0,0.0,H,C Kavanagh,11.0,13.0,5.0,3.0,2.0,7.0,7.0,14.0,3.0,3.0,0.0,0.0,3.2,3.4,2.25,1.98,1.92,3.4,3.56,2.36,3.24,3.47,2.26,2.01,1.98,1.92,1.9,1,1
2023-2024_Arsenal_Sheffield United,2023-2024,10,2023-10-28,15:00,Arsenal,Sheffield United,5,0,H,1.0,0.0,H,T Robinson,13.0,2.0,8.0,0.0,6.0,1.0,9.0,13.0,0.0,3.0,0.0,0.0,1.13,8.5,19.0,1.36,3.1,1.14,11.0,26.0,1.13,9.61,21.6,1.39,3.3,1.36,3.13,3,0
2023-2024_Newcastle_Arsenal,2023-2024,11,2023-11-04,17:30,Newcastle,Arsenal,1,0,H,0.0,0.0,D,S Attwell,9.0,14.0,2.0,1.0,0.0,11.0,14.0,9.0,5.0,1.0,0.0,0.0,2.8,3.2,2.6,1.95,1.95,2.89,3.5,2.65,2.82,3.39,2.56,2.0,1.96,1.92,1.91,3,0
2023-2024_Arsenal_Burnley,2023-2024,12,2023-11-11,15:00,Arsenal,Burnley,3,1,H,1.0,0.0,H,M Oliver,16.0,8.0,6.0,5.0,3.0,3.0,8.0,9.0,0.0,1.0,1.0,0.0,1.18,7.0,17.0,1.48,2.6,1.22,8.1,17.0,1.19,7.34,15.07,1.54,2.68,1.49,2.62,3,0
2023-2024_Brentford_Arsenal,2023-2024,13,2023-11-25,17:30,Brentford,Arsenal,0,1,A,0.0,0.0,D,T Robinson,9.0,15.0,3.0,4.0,1.0,8.0,9.0,7.0,1.0,1.0,0.0,0.0,4.5,3.75,1.75,1.9,2.0,5.0,4.01,1.8,4.64,3.84,1.77,1.94,2.03,1.88,1.96,0,3
2023-2024_Arsenal_Wolves,2023-2024,14,2023-12-02,15:00,Arsenal,Wolves,2,1,H,2.0,0.0,H,P Bankes,19.0,6.0,6.0,3.0,4.0,0.0,10.0,10.0,1.0,2.0,0.0,0.0,1.25,5.5,12.0,1.65,2.2,1.3,6.5,12.6,1.27,5.95,11.58,1.73,2.37,1.65,2.27,3,0
2023-2024_Luton_Arsenal,2023-2024,15,2023-12-05,20:15,Luton,Arsenal,3,4,A,1.0,2.0,A,S Barrott,6.0,23.0,4.0,9.0,3.0,8.0,14.0,7.0,2.0,1.0,0.0,0.0,17.0,7.0,1.18,1.65,2.2,17.0,7.2,1.25,14.98,6.73,1.21,1.72,2.44,1.64,2.28,0,3
2023-2024_Aston Villa_Arsenal,2023-2024,16,2023-12-09,17:30,Aston Villa,Arsenal,1,0,H,1.0,0.0,H,J Gillett,10.0,12.0,3.0,5.0,3.0,3.0,16.0,11.0,4.0,2.0,0.0,0.0,3.3,3.6,2.1,1.7,2.1,3.55,3.84,2.17,3.41,3.66,2.11,1.79,2.21,1.72,2.15,3,0
2023-2024_Arsenal_Brighton,2023-2024,17,2023-12-17,14:00,Arsenal,Brighton,2,0,H,0.0,0.0,D,T Robinson,26.0,6.0,9.0,1.0,10.0,1.0,11.0,9.0,1.0,3.0,0.0,0.0,1.44,5.0,6.0,1.53,2.4,1.53,5.0,7.0,1.48,4.73,6.5,1.66,2.44,1.58,2.36,3,0
2023-2024_Liverpool_Arsenal,2023-2024,18,2023-12-23,17:30,Liverpool,Arsenal,1,1,D,1.0,1.0,D,C Kavanagh,13.0,13.0,3.0,2.0,4.0,5.0,13.0,14.0,2.0,5.0,0.0,0.0,2.38,3.6,2.8,1.7,2.1,2.53,3.78,3.05,2.43,3.63,2.83,1.77,2.28,1.69,2.2,1,1
2023-2024_Arsenal_West Ham,2023-2024,19,2023-12-28,20:15,Arsenal,West Ham,0,2,A,0.0,1.0,A,M Oliver,30.0,6.0,8.0,3.0,10.0,3.0,8.0,8.0,2.0,0.0,0.0,0.0,1.33,5.5,7.5,1.57,2.35,1.39,5.8,9.5,1.35,5.39,8.64,1.65,2.5,1.58,2.4,0,3
2023-2024_Fulham_Arsenal,2023-2024,20,2023-12-31,14:00,Fulham,Arsenal,2,1,H,1.0,1.0,D,J Smith,15.0,13.0,4.0,3.0,5.0,4.0,11.0,10.0,4.0,1.0,0.0,0.0,5.25,4.5,1.55,1.73,2.08,6.2,4.5,1.62,5.74,4.29,1.57,1.83,2.16,1.76,2.1,3,0
2023-2024_Arsenal_Crystal Palace,2023-2024,21,2024-01-20,12:30,Arsenal,Crystal Palace,5,0,H,2.0,0.0,H,P Tierney,21.0,12.0,6.0,5.0,6.0,7.0,8.0,12.0,0.0,0.0,0.0,0.0,1.3,5.75,9.0,1.73,2.08,1.31,6.2,13.0,1.29,5.74,11.19,1.81,2.18,1.75,2.1,3,0
2023-2024_Nott'm Forest_Arsenal,2023-2024,22,2024-01-30,19:30,Nott'm Forest,Arsenal,1,2,A,0.0,0.0,D,S Hooper,9.0,19.0,3.0,3.0,2.0,11.0,6.0,7.0,0.0,1.0,0.0,0.0,7.5,5.0,1.4,1.62,2.25,8.6,5.3,1.43,8.12,5.09,1.39,1.69,2.36,1.65,2.29,0,3
2023-2024_Arsenal_Liverpool,2023-2024,23,2024-02-04,16:30,Arsenal,Liverpool,3,1,H,1.0,1.0,D,A Taylor,15.0,10.0,7.0,1.0,2.0,4.0,11.0,11.0,6.0,2.0,0.0,1.0,2.2,3.6,3.1,1.67,2.15,2.32,3.8,3.24,2.25,3.67,3.07,1.73,2.33,1.67,2.23,3,0
2023-2024_West Ham_Arsenal,2023-2024,24,2024-02-11,14:00,West Ham,Arsenal,0,6,A,0.0,4.0,A,C Pawson,5.0,25.0,1.0,12.0,2.0,6.0,17.0,11.0,4.0,0.0,0.0,0.0,6.0,4.33,1.53,1.67,2.15,6.4,4.6,1.59,5.81,4.38,1.55,1.73,2.29,1.67,2.22,0,3
2023-2024_Burnley_Arsenal,2023-2024,25,2024-02-17,15:00,Burnley,Arsenal,0,5,A,0.0,2.0,A,J Gillett,8.0,16.0,0.0,7.0,4.0,6.0,11.0,8.0,2.0,1.0,0.0,0.0,10.0,5.75,1.29,1.57,2.35,11.0,6.1,1.34,9.94,5.73,1.31,1.65,2.46,1.6,2.37,0,3
2023-2024_Arsenal_Newcastle,2023-2024,26,2024-02-24,20:00,Arsenal,Newcastle,4,1,H,2.0,0.0,H,P Tierney,18.0,3.0,8.0,2.0,9.0,0.0,15.0,6.0,1.0,0.0,0.0,0.0,1.36,5.25,8.0,1.48,2.6,1.42,5.53,8.0,1.38,5.34,7.53,1.53,2.78,1.48,2.67,3,0
2023-2024_Sheffield United_Arsenal,2023-2024,27,2024-03-04,20:00,Sheffield United,Arsenal,0,6,A,0.0,5.0,A,S Barrott,4.0,22.0,0.0,10.0,0.0,7.0,11.0,4.0,1.0,0.0,0.0,0.0,17.0,7.0,1.18,1.4,2.88,19.0,8.6,1.19,16.28,7.82,1.17,1.46,3.0,1.42,2.85,0,3
2023-2024_Arsenal_Brentford,2023-2024,28,2024-03-09,17:30,Arsenal,Brentford,2,1,H,1.0,1.0,D,R Jones,17.0,9.0,6.0,4.0,10.0,4.0,9.0,10.0,2.0,4.0,0.0,0.0,1.22,7.0,11.0,1.44,2.7,1.27,7.3,14.0,1.23,6.84,12.02,1.48,2.86,1.44,2.78,3,0
2023-2024_Man City_Arsenal,2023-2024,30,2024-03-31,16:30,Man City,Arsenal,0,0,D,0.0,0.0,D,A Taylor,12.0,6.0,1.0,2.0,7.0,4.0,9.0,20.0,0.0,2.0,0.0,0.0,1.91,3.8,3.8,1.7,2.1,1.97,3.97,4.01,1.92,3.8,3.86,1.8,2.19,1.74,2.12,1,1
2023-2024_Arsenal_Luton,2023-2024,31,2024-04-03,19:30,Arsenal,Luton,2,0,H,2.0,0.0,H,C Pawson,13.0,5.0,4.0,1.0,3.0,1.0,12.0,8.0,1.0,1.0,0.0,0.0,1.1,10.0,19.0,1.25,4.0,1.12,13.0,32.0,1.1,11.25,22.73,1.29,4.0,1.26,3.86,3,0
2023-2024_Brighton_Arsenal,2023-2024,32,2024-04-06,17:30,Brighton,Arsenal,0,3,A,0.0,1.0,A,J Brooks,10.0,20.0,2.0,7.0,8.0,7.0,14.0,13.0,1.0,2.0,0.0,0.0,5.0,4.33,1.62,1.62,2.3,5.5,4.45,1.69,5.15,4.25,1.64,1.67,2.4,1.63,2.32,0,3
2023-2024_Arsenal_Aston Villa,2023-2024,33,2024-04-14,16:30,Arsenal,Aston Villa,0,2,A,0.0,0.0,D,D Coote,18.0,11.0,4.0,2.0,4.0,6.0,12.0,7.0,3.0,1.0,0.0,0.0,1.29,5.75,10.0,1.5,2.63,1.31,6.5,11.0,1.28,6.1,9.89,1.52,2.8,1.48,2.66,0,3
2023-2024_Wolves_Arsenal,2023-2024,34,2024-04-20,19:30,Wolves,Arsenal,0,2,A,0.0,1.0,A,P Tierney,5.0,24.0,3.0,9.0,1.0,2.0,14.0,9.0,3.0,2.0,0.0,0.0,8.5,4.5,1.4,1.62,2.3,8.5,5.3,1.44,8.05,5.05,1.39,1.68,2.39,1.62,2.32,0,3
2023-2024_Arsenal_Chelsea,2023-2024,34,2024-04-23,20:00,Arsenal,Chelsea,5,0,H,1.0,0.0,H,S Hooper,27.0,7.0,10.0,1.0,4.0,2.0,12.0,11.0,2.0,2.0,0.0,0.0,1.44,5.0,6.0,1.53,2.5,1.52,5.2,7.5,1.45,4.93,6.78,1.57,2.65,1.53,2.53,3,0
2023-2024_Tottenham_Arsenal,2023-2024,35,2024-04-28,14:00,Tottenham,Arsenal,2,3,A,0.0,3.0,A,M Oliver,14.0,9.0,2.0,3.0,8.0,6.0,12.0,16.0,2.0,1.0,0.0,0.0,4.2,4.2,1.75,1.5,2.63,4.3,4.27,1.86,4.12,4.07,1.8,1.52,2.72,1.48,2.63,0,3
2023-2024_Arsenal_Bournemouth,2023-2024,36,2024-05-04,12:30,Arsenal,Bournemouth,3,0,H,1.0,0.0,H,D Coote,25.0,7.0,9.0,2.0,6.0,1.0,16.0,12.0,2.0,3.0,0.0,0.0,1.22,7.5,11.0,1.33,3.4,1.23,8.2,14.0,1.2,7.59,12.74,1.38,3.4,1.34,3.23,3,0
2023-2024_Man United_Arsenal,2023-2024,37,2024-05-12,16:30,Man United,Arsenal,0,1,A,0.0,1.0,A,P Tierney,14.0,11.0,2.0,5.0,4.0,7.0,5.0,6.0,0.0,2.0,0.0,0.0,7.0,5.5,1.36,1.36,3.2,7.5,5.8,1.43,7.08,5.5,1.39,1.4,3.22,1.37,3.09,0,3
2023-2024_Arsenal_Everton,2023-2024,38,2024-05-19,16:00,Arsenal,Everton,2,1,H,1.0,1.0,D,M Oliver,26.0,5.0,5.0,2.0,8.0,1.0,8.0,11.0,4.0,3.0,0.0,0.0,1.18,8.0,12.0,1.36,3.2,1.19,8.9,17.0,1.17,8.04,15.37,1.41,3.2,1.38,3.04,3,0
2024-2025_Arsenal_Wolves,2024-2025,1,2024-08-17,15:00,Arsenal,Wolves,2,0,H,1.0,0.0,H,J Gillett,18.0,9.0,6.0,3.0,8.0,2.0,17.0,14.0,2.0,2.0,0.0,0.0,1.18,7.5,13.0,1.44,2.75,1.2,9.1,18.0,1.18,7.86,15.87,1.5,2.82,1.46,2.7,3,0
2024-2025_Aston Villa_Arsenal,2024-2025,2,2024-08-24,17:30,Aston Villa,Arsenal,0,2,A,0.0,0.0,D,M Oliver,11.0,9.0,3.0,4.0,4.0,1.0,8.0,15.0,1.0,3.0,0.0,0.0,4.33,3.8,1.75,1.73,2.1,4.7,4.1,1.84,4.41,3.92,1.78,1.78,2.23,1.73,2.13,0,3
2024-2025_Arsenal_Brighton,2024-2025,3,2024-08-31,12:30,Arsenal,Brighton,1,1,D,1.0,0.0,H,C Kavanagh,11.0,22.0,7.0,4.0,3.0,7.0,12.0,7.0,3.0,2.0,1.0,0.0,1.33,5.5,8.5,1.53,2.5,1.37,6.0,9.0,1.35,5.66,8.11,1.57,2.59,1.53,2.52,1,1
2024-2025_Tottenham_Arsenal,2024-2025,4,2024-09-15,14:00,Tottenham,Arsenal,0,1,A,0.0,0.0,D,J Gillett,15.0,7.0,5.0,4.0,7.0,6.0,13.0,10.0,5.0,3.0,0.0,0.0,3.0,3.5,2.3,1.57,2.38,3.13,3.75,2.4,2.99,3.59,2.33,1.66,2.5,1.58,2.41,0,3
2024-2025_Man City_Arsenal,2024-2025,5,2024-09-22,16:30,Man City,Arsenal,2,2,D,1.0,2.0,A,M Oliver,33.0,5.0,11.0,3.0,8.0,2.0,7.0,10.0,3.0,4.0,0.0,1.0,1.8,3.6,4.5,2.04,1.86,1.87,3.75,4.75,1.83,3.62,4.52,2.08,1.87,2.02,1.82,1,1
2024-2025_Arsenal_Leicester,2024-2025,6,2024-09-28,15:00,Arsenal,Leicester,4,2,H,2.0,0.0,H,S Barrott,36.0,5.0,16.0,3.0,17.0,0.0,11.0,6.0,2.0,4.0,0.0,0.0,1.17,8.0,15.0,1.5,2.63,1.21,8.8,18.0,1.18,7.82,15.12,1.55,2.75,1.49,2.55,3,0
2024-2025_Arsenal_Southampton,2024-2025,7,2024-10-05,15:00,Arsenal,Southampton,3,1,H,0.0,0.0,D,T Harrington,29.0,8.0,6.0,2.0,13.0,1.0,10.0,9.0,0.0,3.0,0.0,0.0,1.14,9.0,17.0,1.36,3.2,1.16,10.0,21.0,1.14,9.2,18.63,1.4,3.25,1.36,3.13,3,0
